age_group,experiment_group,users,conversion_rate,revenue_per_user
18-24,control,4566,0.3416557161629435,16.708471309680245
18-24,treatment,4620,0.3935064935064935,19.02075541125541
25-34,control,9155,0.3344620425996723,16.634800655379575
25-34,treatment,9287,0.38602347367287604,19.087598794013136
35-44,control,5733,0.3410081981510553,16.95793650793651
35-44,treatment,5698,0.38925938925938924,18.666353106353107
45-54,control,3447,0.3408761241659414,16.375671598491444
45-54,treatment,3498,0.39594053744997143,20.130220125786163
55+,control,2003,0.3195207189216176,16.1763854218672
55+,treatment,1993,0.38735574510787757,18.59374811841445
