country,experiment_group,users,conversion_rate,revenue_per_user
Australia,control,1901,0.3450815360336665,16.647127827459233
Australia,treatment,2047,0.3893502686858818,20.18438690766976
Canada,control,2277,0.32235397452788755,16.19584541062802
Canada,treatment,2297,0.3983456682629517,19.29741401828472
India,control,11795,0.3368376430690971,16.665833827893177
India,treatment,11778,0.3851248089658686,18.651573272202413
United Kingdom,control,4695,0.34611288604898827,17.11528860489883
United Kingdom,treatment,4752,0.3878367003367003,18.569093013468013
United States,control,4236,0.3314447592067989,16.335375354107647
United States,treatment,4222,0.3995736617716722,20.23069398389389
